Workbook

Sheet rawTable1
A1: athleteId | B1: name | C1: position | D1: year | E1: count3Misses | F1: prHit3Misses | G1: count2Misses | H1: prHit2Misses | I1: count1Miss | J1: prHit1Miss | K1: countHit | L1: prHit | M1: count1Make | N1: prHit1Make | O1: count2Makes | P1: prHit2Makes | Q1: count3Makes | R1: prHit3Makes | S1: serialCorrelation | T1: yuleWalkerEstimateZ | U1: Pvalue
A2: 5106247 | B2: =_xlfn.XLOOKUP($A2,rosters!$F:$F,rosters!$M:$M) -> Cooper Noard | C2: =_xlfn.XLOOKUP($A2,rosters!$F:$F,rosters!$H:$H) -> G | D2: =_xlfn.XLOOKUP($A2,rosters!$F:$F,rosters!$N:$N) -> SR | E2: 16 | F2: 0.5625 | G2: 47 | H2: 0.61702128 | I2: 119 | J2: 0.57142857 | K2: 279 | L2: 0.51971326 | M2: 137 | N2: 0.45255474 | O2: 56 | P2: 0.46428571 | Q2: 24 | R2: 0.375 | S2: =((N2*L2)-(L2*L2))/(L2*(1-L2)) -> -0.13983005 | T2: =SQRT(K2)*S2 -> -2.3356223 | U2: =2*(1-_xlfn.NORM.S.DIST(ABS(T2),TRUE)) -> 0.019510938
A3: 5106243 | B3: =_xlfn.XLOOKUP($A3,rosters!$F:$F,rosters!$M:$M) -> Adam Hinton | C3: =_xlfn.XLOOKUP($A3,rosters!$F:$F,rosters!$H:$H) -> G | D3: =_xlfn.XLOOKUP($A3,rosters!$F:$F,rosters!$N:$N) -> SR | E3: 15 | F3: 0.66666667 | G3: 39 | H3: 0.56410256 | I3: 98 | J3: 0.56122449 | K3: 218 | L3: 0.49082569 | M3: 97 | N3: 0.43298969 | O3: 34 | P3: 0.47058824 | Q3: 12 | R3: 0.58333333 | S3: =((N3*L3)-(L3*L3))/(L3*(1-L3)) -> -0.11358781 | T3: =SQRT(K3)*S3 -> -1.677104 | U3: =2*(1-_xlfn.NORM.S.DIST(ABS(T3),TRUE)) -> 0.09352215
A4: 5175900 | B4: =_xlfn.XLOOKUP($A4,rosters!$F:$F,rosters!$M:$M) -> Jake Fiegen | C4: =_xlfn.XLOOKUP($A4,rosters!$F:$F,rosters!$H:$H) -> G | D4: =_xlfn.XLOOKUP($A4,rosters!$F:$F,rosters!$N:$N) -> SR | E4: 17 | F4: 0.58823529 | G4: 36 | H4: 0.44444444 | I4: 86 | J4: 0.53488372 | K4: 210 | L4: 0.54285714 | M4: 105 | N4: 0.56190476 | O4: 53 | P4: 0.52830189 | Q4: 27 | R4: 0.51851852 | S4: =((N4*L4)-(L4*L4))/(L4*(1-L4)) -> 0.041666667 | T4: =SQRT(K4)*S4 -> 0.60380736 | U4: =2*(1-_xlfn.NORM.S.DIST(ABS(T4),TRUE)) -> 0.54597172
A5: 5175898 | B5: =_xlfn.XLOOKUP($A5,rosters!$F:$F,rosters!$M:$M) -> Jacob Beccles | C5: =_xlfn.XLOOKUP($A5,rosters!$F:$F,rosters!$H:$H) -> G | D5: =_xlfn.XLOOKUP($A5,rosters!$F:$F,rosters!$N:$N) -> JR | E5: 10 | F5: 0.4 | G5: 22 | H5: 0.31818182 | I5: 54 | J5: 0.38888889 | K5: 131 | L5: 0.46564885 | M5: 54 | N5: 0.53703704 | O5: 26 | P5: 0.42307692 | Q5: 10 | R5: 0.3 | S5: =((N5*L5)-(L5*L5))/(L5*(1-L5)) -> 0.13359788 | T5: =SQRT(K5)*S5 -> 1.5290977 | U5: =2*(1-_xlfn.NORM.S.DIST(ABS(T5),TRUE)) -> 0.12624023
A6: 5106245 | B6: =_xlfn.XLOOKUP($A6,rosters!$F:$F,rosters!$M:$M) -> Josh Baldwin | C6: =_xlfn.XLOOKUP($A6,rosters!$F:$F,rosters!$H:$H) -> G | D6: =_xlfn.XLOOKUP($A6,rosters!$F:$F,rosters!$N:$N) -> SR | E6: 10 | F6: 0.5 | G6: 24 | H6: 0.41666667 | I6: 57 | J6: 0.45614035 | K6: 119 | L6: 0.42857143 | M6: 42 | N6: 0.4047619 | O6: 13 | P6: 0.30769231 | Q6: 4 | R6: 0.25 | S6: =((N6*L6)-(L6*L6))/(L6*(1-L6)) -> -0.041666667 | T6: =SQRT(K6)*S6 -> -0.45452967 | U6: =2*(1-_xlfn.NORM.S.DIST(ABS(T6),TRUE)) -> 0.64944764
A7: 5176404 | B7: =_xlfn.XLOOKUP($A7,rosters!$F:$F,rosters!$M:$M) -> Kaspar Sepp | C7: =_xlfn.XLOOKUP($A7,rosters!$F:$F,rosters!$H:$H) -> F | D7: =_xlfn.XLOOKUP($A7,rosters!$F:$F,rosters!$N:$N) -> JR | E7: 3 | F7: 0 | G7: 10 | H7: 0.4 | I7: 35 | J7: 0.51428571 | K7: 86 | L7: 0.47674419 | M7: 29 | N7: 0.48275862 | O7: 9 | P7: 0.55555556 | Q7: 1 | R7: 0 | S7: =((N7*L7)-(L7*L7))/(L7*(1-L7)) -> 0.011494253 | T7: =SQRT(K7)*S7 -> 0.10659332 | U7: =2*(1-_xlfn.NORM.S.DIST(ABS(T7),TRUE)) -> 0.91511162
A8: 4684840 | B8: =_xlfn.XLOOKUP($A8,rosters!$F:$F,rosters!$M:$M) -> DJ Nix | C8: =_xlfn.XLOOKUP($A8,rosters!$F:$F,rosters!$H:$H) -> F | D8: =_xlfn.XLOOKUP($A8,rosters!$F:$F,rosters!$N:$N) -> SR | E8: 6 | F8: 0.5 | G8: 15 | H8: 0.53333333 | I8: 33 | J8: 0.36363636 | K8: 75 | L8: 0.41333333 | M8: 21 | N8: 0.52380952 | O8: 8 | P8: 0.5 | Q8: 3 | R8: 0.66666667 | S8: =((N8*L8)-(L8*L8))/(L8*(1-L8)) -> 0.18831169 | T8: =SQRT(K8)*S8 -> 1.6308271 | U8: =2*(1-_xlfn.NORM.S.DIST(ABS(T8),TRUE)) -> 0.10292682
A9: 5196671 | B9: =_xlfn.XLOOKUP($A9,rosters!$F:$F,rosters!$M:$M) -> Corbin Zentner | C9: =_xlfn.XLOOKUP($A9,rosters!$F:$F,rosters!$H:$H) -> G | D9: =_xlfn.XLOOKUP($A9,rosters!$F:$F,rosters!$N:$N) -> SR | E9: 0 | F9: 0 | G9: 7 | H9: 0.42857143 | I9: 18 | J9: 0.27777778 | K9: 53 | L9: 0.41509434 | M9: 16 | N9: 0.4375 | O9: 4 | P9: 0.5 | Q9: 1 | R9: 0 | S9: =((N9*L9)-(L9*L9))/(L9*(1-L9)) -> 0.038306452 | T9: =SQRT(K9)*S9 -> 0.27887518 | U9: =2*(1-_xlfn.NORM.S.DIST(ABS(T9),TRUE)) -> 0.78034062
A10: 5241716 | B10: =_xlfn.XLOOKUP($A10,rosters!$F:$F,rosters!$M:$M) -> Gioacchino Panzini | C10: =_xlfn.XLOOKUP($A10,rosters!$F:$F,rosters!$H:$H) -> F | D10: =_xlfn.XLOOKUP($A10,rosters!$F:$F,rosters!$N:$N) -> SO | E10: 0 | F10: 0 | G10: 1 | H10: 1 | I10: 11 | J10: 0.81818182 | K10: 52 | L10: 0.69230769 | M10: 28 | N10: 0.64285714 | O10: 14 | P10: 0.64285714 | Q10: 6 | R10: 0.83333333 | S10: =((N10*L10)-(L10*L10))/(L10*(1-L10)) -> -0.16071429 | T10: =SQRT(K10)*S10 -> -1.1589272 | U10: =2*(1-_xlfn.NORM.S.DIST(ABS(T10),TRUE)) -> 0.24648586
A11: 5175897 | B11: =_xlfn.XLOOKUP($A11,rosters!$F:$F,rosters!$M:$M) -> Ian Imegwu | C11: =_xlfn.XLOOKUP($A11,rosters!$F:$F,rosters!$H:$H) -> F | D11: =_xlfn.XLOOKUP($A11,rosters!$F:$F,rosters!$N:$N) -> JR | E11: 3 | F11: 0.33333333 | G11: 7 | H11: 0.42857143 | I11: 21 | J11: 0.57142857 | K11: 52 | L11: 0.48076923 | M11: 16 | N11: 0.3125 | O11: 3 | P11: 0 | Q11: 0 | R11: 0 | S11: =((N11*L11)-(L11*L11))/(L11*(1-L11)) -> -0.32407407 | T11: =SQRT(K11)*S11 -> -2.3369314 | U11: =2*(1-_xlfn.NORM.S.DIST(ABS(T11),TRUE)) -> 0.019442752
A12: 5241717 | B12: =_xlfn.XLOOKUP($A12,rosters!$F:$F,rosters!$M:$M) -> Mateen Rafiq | C12: =_xlfn.XLOOKUP($A12,rosters!$F:$F,rosters!$H:$H) -> G | D12: =_xlfn.XLOOKUP($A12,rosters!$F:$F,rosters!$N:$N) -> SO | E12: 3 | F12: 0.33333333 | G12: 9 | H12: 0.44444444 | I12: 19 | J12: 0.42105263 | K12: 50 | L12: 0.48 | M12: 18 | N12: 0.5 | O12: 6 | P12: 0.5 | Q12: 1 | R12: 1 | S12: =((N12*L12)-(L12*L12))/(L12*(1-L12)) -> 0.038461538 | T12: =SQRT(K12)*S12 -> 0.27196415 | U12: =2*(1-_xlfn.NORM.S.DIST(ABS(T12),TRUE)) -> 0.78564959
A13: 5241718 | B13: =_xlfn.XLOOKUP($A13,rosters!$F:$F,rosters!$M:$M) -> Anthony Nimani | C13: =_xlfn.XLOOKUP($A13,rosters!$F:$F,rosters!$H:$H) -> G | D13: =_xlfn.XLOOKUP($A13,rosters!$F:$F,rosters!$N:$N) -> SO | E13: 0 | F13: 0 | G13: 1 | H13: 1 | I13: 7 | J13: 0.85714286 | K13: 44 | L13: 0.65909091 | M13: 22 | N13: 0.54545455 | O13: 7 | P13: 0.57142857 | Q13: 1 | R13: 1 | S13: =((N13*L13)-(L13*L13))/(L13*(1-L13)) -> -0.33333333 | T13: =SQRT(K13)*S13 -> -2.2110832 | U13: =2*(1-_xlfn.NORM.S.DIST(ABS(T13),TRUE)) -> 0.027030077
... A31: 5241810 | B31: =_xlfn.XLOOKUP($A31,rosters!$F:$F,rosters!$M:$M) -> Alana Andrews | C31: =_xlfn.XLOOKUP($A31,rosters!$F:$F,rosters!$H:$H) -> G | D31: =_xlfn.XLOOKUP($A31,rosters!$F:$F,rosters!$N:$N) -> SO | E31: 1 | F31: 1 | G31: 3 | H31: 0.66666667 | I31: 6 | J31: 0.5 | K31: 14 | L31: 0.5 | M31: 6 | N31: 0.66666667 | O31: 3 | P31: 1 | Q31: 2 | R31: 1 | S31: =((N31*L31)-(L31*L31))/(L31*(1-L31)) -> 0.33333333 | T31: =SQRT(K31)*S31 -> 1.2472191 | U31: =2*(1-_xlfn.NORM.S.DIST(ABS(T31),TRUE)) -> 0.21231716

Sheet parsedTable1
A1: athleteId | B1: name | C1: position | D1: year | E1: count3Misses | F1: prHit3Misses | G1: count2Misses | H1: prHit2Misses | I1: count1Miss | J1: prHit1Miss | K1: countHit | L1: prHit | M1: count1Make | N1: prHit1Make | O1: count2Makes | P1: prHit2Makes | Q1: count3Makes | R1: prHit3Makes | S1: serialCorrelation | T1: yuleWalkerEstimateZ | U1: Pvalue
A2: 5106247 | B2: =_xlfn.XLOOKUP($A2,rosters!$F:$F,rosters!$M:$M) -> Cooper Noard | C2: =_xlfn.XLOOKUP($A2,rosters!$F:$F,rosters!$H:$H) -> G | D2: =_xlfn.XLOOKUP($A2,rosters!$F:$F,rosters!$N:$N) -> SR | E2: 16 | F2: 0.5625 | G2: 47 | H2: 0.61702128 | I2: 119 | J2: 0.57142857 | K2: 279 | L2: 0.51971326 | M2: 137 | N2: 0.45255474 | O2: 56 | P2: 0.46428571 | Q2: 24 | R2: 0.375 | S2: =((N2*L2)-(L2*L2))/(L2*(1-L2)) -> -0.13983005 | T2: =SQRT(K2)*S2 -> -2.3356223 | U2: =2*(1-_xlfn.NORM.S.DIST(ABS(T2),TRUE)) -> 0.019510938
A3: 5106243 | B3: =_xlfn.XLOOKUP($A3,rosters!$F:$F,rosters!$M:$M) -> Adam Hinton | C3: =_xlfn.XLOOKUP($A3,rosters!$F:$F,rosters!$H:$H) -> G | D3: =_xlfn.XLOOKUP($A3,rosters!$F:$F,rosters!$N:$N) -> SR | E3: 15 | F3: 0.66666667 | G3: 39 | H3: 0.56410256 | I3: 98 | J3: 0.56122449 | K3: 218 | L3: 0.49082569 | M3: 97 | N3: 0.43298969 | O3: 34 | P3: 0.47058824 | Q3: 12 | R3: 0.58333333 | S3: =((N3*L3)-(L3*L3))/(L3*(1-L3)) -> -0.11358781 | T3: =SQRT(K3)*S3 -> -1.677104 | U3: =2*(1-_xlfn.NORM.S.DIST(ABS(T3),TRUE)) -> 0.09352215
A4: 5175900 | B4: =_xlfn.XLOOKUP($A4,rosters!$F:$F,rosters!$M:$M) -> Jake Fiegen | C4: =_xlfn.XLOOKUP($A4,rosters!$F:$F,rosters!$H:$H) -> G | D4: =_xlfn.XLOOKUP($A4,rosters!$F:$F,rosters!$N:$N) -> SR | E4: 17 | F4: 0.58823529 | G4: 36 | H4: 0.44444444 | I4: 86 | J4: 0.53488372 | K4: 210 | L4: 0.54285714 | M4: 105 | N4: 0.56190476 | O4: 53 | P4: 0.52830189 | Q4: 27 | R4: 0.51851852 | S4: =((N4*L4)-(L4*L4))/(L4*(1-L4)) -> 0.041666667 | T4: =SQRT(K4)*S4 -> 0.60380736 | U4: =2*(1-_xlfn.NORM.S.DIST(ABS(T4),TRUE)) -> 0.54597172
A5: 5175898 | B5: =_xlfn.XLOOKUP($A5,rosters!$F:$F,rosters!$M:$M) -> Jacob Beccles | C5: =_xlfn.XLOOKUP($A5,rosters!$F:$F,rosters!$H:$H) -> G | D5: =_xlfn.XLOOKUP($A5,rosters!$F:$F,rosters!$N:$N) -> JR | E5: 10 | F5: 0.4 | G5: 22 | H5: 0.31818182 | I5: 54 | J5: 0.38888889 | K5: 131 | L5: 0.46564885 | M5: 54 | N5: 0.53703704 | O5: 26 | P5: 0.42307692 | Q5: 10 | R5: 0.3 | S5: =((N5*L5)-(L5*L5))/(L5*(1-L5)) -> 0.13359788 | T5: =SQRT(K5)*S5 -> 1.5290977 | U5: =2*(1-_xlfn.NORM.S.DIST(ABS(T5),TRUE)) -> 0.12624023
A6: 5106245 | B6: =_xlfn.XLOOKUP($A6,rosters!$F:$F,rosters!$M:$M) -> Josh Baldwin | C6: =_xlfn.XLOOKUP($A6,rosters!$F:$F,rosters!$H:$H) -> G | D6: =_xlfn.XLOOKUP($A6,rosters!$F:$F,rosters!$N:$N) -> SR | E6: 10 | F6: 0.5 | G6: 24 | H6: 0.41666667 | I6: 57 | J6: 0.45614035 | K6: 119 | L6: 0.42857143 | M6: 42 | N6: 0.4047619 | O6: 13 | P6: 0.30769231 | Q6: 4 | R6: 0.25 | S6: =((N6*L6)-(L6*L6))/(L6*(1-L6)) -> -0.041666667 | T6: =SQRT(K6)*S6 -> -0.45452967 | U6: =2*(1-_xlfn.NORM.S.DIST(ABS(T6),TRUE)) -> 0.64944764
A7: 5108938 | B7: =_xlfn.XLOOKUP($A7,rosters!$F:$F,rosters!$M:$M) -> Emily Pape | C7: =_xlfn.XLOOKUP($A7,rosters!$F:$F,rosters!$H:$H) -> F | D7: =_xlfn.XLOOKUP($A7,rosters!$F:$F,rosters!$N:$N) -> SR | E7: 36 | F7: 0.41666667 | G7: 79 | H7: 0.37974684 | I7: 159 | J7: 0.38993711 | K7: 283 | L7: 0.34628975 | M7: 97 | N7: 0.28865979 | O7: 28 | P7: 0.32142857 | Q7: 9 | R7: 0.33333333 | S7: =((N7*L7)-(L7*L7))/(L7*(1-L7)) -> -0.088158261 | T7: =SQRT(K7)*S7 -> -1.4830515 | U7: =2*(1-_xlfn.NORM.S.DIST(ABS(T7),TRUE)) -> 0.13806073
A8: 5176408 | B8: =_xlfn.XLOOKUP($A8,rosters!$F:$F,rosters!$M:$M) -> Rachel Kaus | C8: =_xlfn.XLOOKUP($A8,rosters!$F:$F,rosters!$H:$H) -> G | D8: =_xlfn.XLOOKUP($A8,rosters!$F:$F,rosters!$N:$N) -> JR | E8: 31 | F8: 0.51612903 | G8: 67 | H8: 0.43283582 | I8: 138 | J8: 0.43478261 | K8: 275 | L8: 0.43636364 | M8: 110 | N8: 0.41818182 | O8: 41 | P8: 0.34146341 | Q8: 10 | R8: 0.5 | S8: =((N8*L8)-(L8*L8))/(L8*(1-L8)) -> -0.032258065 | T8: =SQRT(K8)*S8 -> -0.53493948 | U8: =2*(1-_xlfn.NORM.S.DIST(ABS(T8),TRUE)) -> 0.59269171
A9: 5176410 | B9: =_xlfn.XLOOKUP($A9,rosters!$F:$F,rosters!$M:$M) -> Clarke Jackson | C9: =_xlfn.XLOOKUP($A9,rosters!$F:$F,rosters!$H:$H) -> G | D9: =_xlfn.XLOOKUP($A9,rosters!$F:$F,rosters!$N:$N) -> JR | E9: 17 | F9: 0.58823529 | G9: 48 | H9: 0.5625 | I9: 102 | J9: 0.45098039 | K9: 227 | L9: 0.46255507 | M9: 98 | N9: 0.47959184 | O9: 45 | P9: 0.46666667 | Q9: 20 | R9: 0.45 | S9: =((N9*L9)-(L9*L9))/(L9*(1-L9)) -> 0.031699565 | T9: =SQRT(K9)*S9 -> 0.4776021 | U9: =2*(1-_xlfn.NORM.S.DIST(ABS(T9),TRUE)) -> 0.63293343
A10: 5241809 | B10: =_xlfn.XLOOKUP($A10,rosters!$F:$F,rosters!$M:$M) -> Paige Engels | C10: =_xlfn.XLOOKUP($A10,rosters!$F:$F,rosters!$H:$H) -> G | D10: =_xlfn.XLOOKUP($A10,rosters!$F:$F,rosters!$N:$N) -> SO | E10: 10 | F10: 0.5 | G10: 31 | H10: 0.5483871 | I10: 75 | J10: 0.41333333 | K10: 160 | L10: 0.4 | M10: 58 | N10: 0.32758621 | O10: 17 | P10: 0.35294118 | Q10: 5 | R10: 0.2 | S10: =((N10*L10)-(L10*L10))/(L10*(1-L10)) -> -0.12068966 | T10: =SQRT(K10)*S10 -> -1.5266168 | U10: =2*(1-_xlfn.NORM.S.DIST(ABS(T10),TRUE)) -> 0.12685633
A11: 5241811 | B11: =_xlfn.XLOOKUP($A11,rosters!$F:$F,rosters!$M:$M) -> Audrey Chen | C11: =_xlfn.XLOOKUP($A11,rosters!$F:$F,rosters!$H:$H) -> G | D11: =_xlfn.XLOOKUP($A11,rosters!$F:$F,rosters!$N:$N) -> SO | E11: 16 | F11: 0.3125 | G11: 30 | H11: 0.33333333 | I11: 62 | J11: 0.35483871 | K11: 118 | L11: 0.34745763 | M11: 31 | N11: 0.35483871 | O11: 8 | P11: 0.375 | Q11: 1 | R11: 1 | S11: =((N11*L11)-(L11*L11))/(L11*(1-L11)) -> 0.011311269 | T11: =SQRT(K11)*S11 -> 0.12287184 | U11: =2*(1-_xlfn.NORM.S.DIST(ABS(T11),TRUE)) -> 0.90220859

Sheet finalTable1
A1: Player | B1: Position | C1: Year | D1: P(hit|3 misses) | E1: P(hit|2 misses) | F1: P(hit| 1 miss) | G1: P(hit) | H1: P(hit|1 hit) | I1: P(hit| 2 hits) | J1: P(hit| 3 hits) | K1: Serial Correlation
A2: Cooper Noard | B2: G | C2: SR | D2: =ROUND(parsedTable1!F2,2)&" ("&parsedTable1!E2&")" -> 0.56 (16) | E2: =ROUND(parsedTable1!H2,2)&" ("&parsedTable1!G2&")" -> 0.62 (47) | F2: =ROUND(parsedTable1!J2,2)&" ("&parsedTable1!I2&")" -> 0.57 (119) | G2: =ROUND(parsedTable1!L2,2)&" ("&parsedTable1!K2&")" -> 0.52 (279) | H2: =ROUND(parsedTable1!N2,2)&" ("&parsedTable1!M2&")" -> 0.45 (137) | I2: =ROUND(parsedTable1!P2,2)&" ("&parsedTable1!O2&")" -> 0.46 (56) | J2: =ROUND(parsedTable1!R2,2)&" ("&parsedTable1!Q2&")" -> 0.38 (24) | K2: =parsedTable1!S2 -> -0.13983005 | L2: {=_xlfn.IFS(parsedTable1!U2<0.01,"**",parsedTable1!U2<0.05,"**",parsedTable1!U2>0.05,"")} -> **
A3: Adam Hinton | B3: G | C3: SR | D3: =ROUND(parsedTable1!F3,2)&" ("&parsedTable1!E3&")" -> 0.67 (15) | E3: =ROUND(parsedTable1!H3,2)&" ("&parsedTable1!G3&")" -> 0.56 (39) | F3: =ROUND(parsedTable1!J3,2)&" ("&parsedTable1!I3&")" -> 0.56 (98) | G3: =ROUND(parsedTable1!L3,2)&" ("&parsedTable1!K3&")" -> 0.49 (218) | H3: =ROUND(parsedTable1!N3,2)&" ("&parsedTable1!M3&")" -> 0.43 (97) | I3: =ROUND(parsedTable1!P3,2)&" ("&parsedTable1!O3&")" -> 0.47 (34) | J3: =ROUND(parsedTable1!R3,2)&" ("&parsedTable1!Q3&")" -> 0.58 (12) | K3: =parsedTable1!S3 -> -0.11358781 | L3: {=_xlfn.IFS(parsedTable1!U3<0.01,"**",parsedTable1!U3<0.05,"**",parsedTable1!U3>0.05,"")}
A4: Jake Fiegen | B4: G | C4: SR | D4: =ROUND(parsedTable1!F4,2)&" ("&parsedTable1!E4&")" -> 0.59 (17) | E4: =ROUND(parsedTable1!H4,2)&" ("&parsedTable1!G4&")" -> 0.44 (36) | F4: =ROUND(parsedTable1!J4,2)&" ("&parsedTable1!I4&")" -> 0.53 (86) | G4: =ROUND(parsedTable1!L4,2)&" ("&parsedTable1!K4&")" -> 0.54 (210) | H4: =ROUND(parsedTable1!N4,2)&" ("&parsedTable1!M4&")" -> 0.56 (105) | I4: =ROUND(parsedTable1!P4,2)&" ("&parsedTable1!O4&")" -> 0.53 (53) | J4: =ROUND(parsedTable1!R4,2)&" ("&parsedTable1!Q4&")" -> 0.52 (27) | K4: =parsedTable1!S4 -> 0.041666667 | L4: {=_xlfn.IFS(parsedTable1!U4<0.01,"**",parsedTable1!U4<0.05,"**",parsedTable1!U4>0.05,"")}
A5: Jacob Beccles | B5: G | C5: JR | D5: =ROUND(parsedTable1!F5,2)&" ("&parsedTable1!E5&")" -> 0.4 (10) | E5: =ROUND(parsedTable1!H5,2)&" ("&parsedTable1!G5&")" -> 0.32 (22) | F5: =ROUND(parsedTable1!J5,2)&" ("&parsedTable1!I5&")" -> 0.39 (54) | G5: =ROUND(parsedTable1!L5,2)&" ("&parsedTable1!K5&")" -> 0.47 (131) | H5: =ROUND(parsedTable1!N5,2)&" ("&parsedTable1!M5&")" -> 0.54 (54) | I5: =ROUND(parsedTable1!P5,2)&" ("&parsedTable1!O5&")" -> 0.42 (26) | J5: =ROUND(parsedTable1!R5,2)&" ("&parsedTable1!Q5&")" -> 0.3 (10) | K5: =parsedTable1!S5 -> 0.13359788 | L5: {=_xlfn.IFS(parsedTable1!U5<0.01,"**",parsedTable1!U5<0.05,"**",parsedTable1!U5>0.05,"")}
A6: Josh Baldwin | B6: G | C6: SR | D6: =ROUND(parsedTable1!F6,2)&" ("&parsedTable1!E6&")" -> 0.5 (10) | E6: =ROUND(parsedTable1!H6,2)&" ("&parsedTable1!G6&")" -> 0.42 (24) | F6: =ROUND(parsedTable1!J6,2)&" ("&parsedTable1!I6&")" -> 0.46 (57) | G6: =ROUND(parsedTable1!L6,2)&" ("&parsedTable1!K6&")" -> 0.43 (119) | H6: =ROUND(parsedTable1!N6,2)&" ("&parsedTable1!M6&")" -> 0.4 (42) | I6: =ROUND(parsedTable1!P6,2)&" ("&parsedTable1!O6&")" -> 0.31 (13) | J6: =ROUND(parsedTable1!R6,2)&" ("&parsedTable1!Q6&")" -> 0.25 (4) | K6: =parsedTable1!S6 -> -0.041666667 | L6: {=_xlfn.IFS(parsedTable1!U6<0.01,"**",parsedTable1!U6<0.05,"**",parsedTable1!U6>0.05,"")}
A7: Emily Pape | B7: F | C7: SR | D7: =ROUND(parsedTable1!F7,2)&" ("&parsedTable1!E7&")" -> 0.42 (36) | E7: =ROUND(parsedTable1!H7,2)&" ("&parsedTable1!G7&")" -> 0.38 (79) | F7: =ROUND(parsedTable1!J7,2)&" ("&parsedTable1!I7&")" -> 0.39 (159) | G7: =ROUND(parsedTable1!L7,2)&" ("&parsedTable1!K7&")" -> 0.35 (283) | H7: =ROUND(parsedTable1!N7,2)&" ("&parsedTable1!M7&")" -> 0.29 (97) | I7: =ROUND(parsedTable1!P7,2)&" ("&parsedTable1!O7&")" -> 0.32 (28) | J7: =ROUND(parsedTable1!R7,2)&" ("&parsedTable1!Q7&")" -> 0.33 (9) | K7: =parsedTable1!S7 -> -0.088158261 | L7: {=_xlfn.IFS(parsedTable1!U7<0.01,"**",parsedTable1!U7<0.05,"**",parsedTable1!U7>0.05,"")}
A8: Rachel Kaus | B8: G | C8: JR | D8: =ROUND(parsedTable1!F8,2)&" ("&parsedTable1!E8&")" -> 0.52 (31) | E8: =ROUND(parsedTable1!H8,2)&" ("&parsedTable1!G8&")" -> 0.43 (67) | F8: =ROUND(parsedTable1!J8,2)&" ("&parsedTable1!I8&")" -> 0.43 (138) | G8: =ROUND(parsedTable1!L8,2)&" ("&parsedTable1!K8&")" -> 0.44 (275) | H8: =ROUND(parsedTable1!N8,2)&" ("&parsedTable1!M8&")" -> 0.42 (110) | I8: =ROUND(parsedTable1!P8,2)&" ("&parsedTable1!O8&")" -> 0.34 (41) | J8: =ROUND(parsedTable1!R8,2)&" ("&parsedTable1!Q8&")" -> 0.5 (10) | K8: =parsedTable1!S8 -> -0.032258065 | L8: {=_xlfn.IFS(parsedTable1!U8<0.01,"**",parsedTable1!U8<0.05,"**",parsedTable1!U8>0.05,"")}
A9: Clarke Jackson | B9: G | C9: JR | D9: =ROUND(parsedTable1!F9,2)&" ("&parsedTable1!E9&")" -> 0.59 (17) | E9: =ROUND(parsedTable1!H9,2)&" ("&parsedTable1!G9&")" -> 0.56 (48) | F9: =ROUND(parsedTable1!J9,2)&" ("&parsedTable1!I9&")" -> 0.45 (102) | G9: =ROUND(parsedTable1!L9,2)&" ("&parsedTable1!K9&")" -> 0.46 (227) | H9: =ROUND(parsedTable1!N9,2)&" ("&parsedTable1!M9&")" -> 0.48 (98) | I9: =ROUND(parsedTable1!P9,2)&" ("&parsedTable1!O9&")" -> 0.47 (45) | J9: =ROUND(parsedTable1!R9,2)&" ("&parsedTable1!Q9&")" -> 0.45 (20) | K9: =parsedTable1!S9 -> 0.031699565 | L9: {=_xlfn.IFS(parsedTable1!U9<0.01,"**",parsedTable1!U9<0.05,"**",parsedTable1!U9>0.05,"")}
A10: Paige Engels | B10: G | C10: SO | D10: =ROUND(parsedTable1!F10,2)&" ("&parsedTable1!E10&")" -> 0.5 (10) | E10: =ROUND(parsedTable1!H10,2)&" ("&parsedTable1!G10&")" -> 0.55 (31) | F10: =ROUND(parsedTable1!J10,2)&" ("&parsedTable1!I10&")" -> 0.41 (75) | G10: =ROUND(parsedTable1!L10,2)&" ("&parsedTable1!K10&")" -> 0.4 (160) | H10: =ROUND(parsedTable1!N10,2)&" ("&parsedTable1!M10&")" -> 0.33 (58) | I10: =ROUND(parsedTable1!P10,2)&" ("&parsedTable1!O10&")" -> 0.35 (17) | J10: =ROUND(parsedTable1!R10,2)&" ("&parsedTable1!Q10&")" -> 0.2 (5) | K10: =parsedTable1!S10 -> -0.12068966 | L10: {=_xlfn.IFS(parsedTable1!U10<0.01,"**",parsedTable1!U10<0.05,"**",parsedTable1!U10>0.05,"")}
A11: Audrey Chen | B11: G | C11: SO | D11: =ROUND(parsedTable1!F11,2)&" ("&parsedTable1!E11&")" -> 0.31 (16) | E11: =ROUND(parsedTable1!H11,2)&" ("&parsedTable1!G11&")" -> 0.33 (30) | F11: =ROUND(parsedTable1!J11,2)&" ("&parsedTable1!I11&")" -> 0.35 (62) | G11: =ROUND(parsedTable1!L11,2)&" ("&parsedTable1!K11&")" -> 0.35 (118) | H11: =ROUND(parsedTable1!N11,2)&" ("&parsedTable1!M11&")" -> 0.35 (31) | I11: =ROUND(parsedTable1!P11,2)&" ("&parsedTable1!O11&")" -> 0.38 (8) | J11: =ROUND(parsedTable1!R11,2)&" ("&parsedTable1!Q11&")" -> 1 (1) | K11: =parsedTable1!S11 -> 0.011311269 | L11: {=_xlfn.IFS(parsedTable1!U11<0.01,"**",parsedTable1!U11<0.05,"**",parsedTable1!U11>0.05,"")}
A13: Weighted Means | D13: =SUMPRODUCT(parsedTable1!F2:F11,parsedTable1!E2:E11)/SUM(parsedTable1!E2:E11) -> 0.5 | E13: =SUMPRODUCT(parsedTable1!H2:H11,parsedTable1!G2:G11)/SUM(parsedTable1!G2:G11) -> 0.46572104 | F13: =SUMPRODUCT(parsedTable1!J2:J11,parsedTable1!I2:I11)/SUM(parsedTable1!I2:I11) -> 0.46 | G13: =SUMPRODUCT(parsedTable1!L2:L11,parsedTable1!K2:K11)/SUM(parsedTable1!K2:K11) -> 0.44851485 | H13: =SUMPRODUCT(parsedTable1!N2:N11,parsedTable1!M2:M11)/SUM(parsedTable1!M2:M11) -> 0.43425814 | I13: =SUMPRODUCT(parsedTable1!P2:P11,parsedTable1!O2:O11)/SUM(parsedTable1!O2:O11) -> 0.42990654 | J13: =SUMPRODUCT(parsedTable1!R2:R11,parsedTable1!Q2:Q11)/SUM(parsedTable1!Q2:Q11) -> 0.43442623 | K13: =SUMPRODUCT(K2:K11,parsedTable1!K2:K11)/SUM(parsedTable1!K2:K11) -> -0.043109558

Sheet rosters
A1: shortName | B1: name | C1: href | D1: uid | E1: guid | F1: id | G1: height | H1: position | I1: hand | J1: jersey | K1: birthPlace | L1: headshot | M1: lastName | N1: experience
A2: A. Andrews | B2: Alana Andrews | C2: https://www.espn.com/womens-college-basketball/player/_/id/5241810/alana-andrews | D2: s:40~l:54~a:5241810 | E2: 03a4a20a-77bd-37b0-bea6-61bffda433c7 | F2: 5241810 | G2: 6' 2" | H2: G | I2: L | J2: 1 | K2: New York, NY | L2: https://a.espncdn.com/i/headshots/womens-college-basketball/players/full/5241810.png | M2: Alana Andrews | N2: SO
A3: A. Chen | B3: Audrey Chen | C3: https://www.espn.com/womens-college-basketball/player/_/id/5241811/audrey-chen | D3: s:40~l:54~a:5241811 | E3: 160bc641-557a-3112-96a5-876f0fd541e8 | F3: 5241811 | G3: 5' 7" | H3: G | J3: 12 | K3: South Pasadena, CA | L3: https://a.espncdn.com/i/headshots/womens-college-basketball/players/full/5241811.png | M3: Audrey Chen | N3: SO
A4: A. Childers | B4: Ashley Childers | C4: https://www.espn.com/womens-college-basketball/player/_/id/5313304/ashley-childers | D4: s:40~l:54~a:5313304 | E4: 52280e5d-cc7d-3648-b3f7-c32d81e4af67 | F4: 5313304 | G4: 6' 3" | H4: F | J4: 10 | K4: Los Gatos, CA | L4: https://a.espncdn.com/i/headshots/womens-college-basketball/players/full/5313304.png | M4: Ashley Childers | N4: FR
A5: W. Chinn | B5: Willa Chinn | C5: https://www.espn.com/womens-college-basketball/player/_/id/5313306/willa-chinn | D5: s:40~l:54~a:5313306 | E5: 8ee67d83-e67b-3d68-93e1-cbbe15168ca3 | F5: 5313306 | G5: 5' 10" | H5: G | J5: 20 | K5: Seattle, WA | L5: https://a.espncdn.com/i/headshots/womens-college-basketball/players/full/5313306.png | M5: Willa Chinn | N5: FR
A6: P. Engels | B6: Paige Engels | C6: https://www.espn.com/womens-college-basketball/player/_/id/5241809/paige-engels | D6: s:40~l:54~a:5241809 | E6: f5c02a62-ea79-3dbd-aa3a-4a33bf6e9e1d | F6: 5241809 | G6: 5' 8" | H6: G | J6: 33 | K6: Golf, IL | L6: https://a.espncdn.com/i/headshots/womens-college-basketball/players/full/5241809.png | M6: Paige Engels | N6: SO
A7: C. Jackson | B7: Clarke Jackson | C7: https://www.espn.com/womens-college-basketball/player/_/id/5176410/clarke-jackson | D7: s:40~l:54~a:5176410 | E7: 298f6e84-b687-3e2b-bbce-03c022af2a01 | F7: 5176410 | G7: 5' 9" | H7: G | J7: 22 | K7: Columbus, OH | L7: https://a.espncdn.com/i/headshots/womens-college-basketball/players/full/5176410.png | M7: Clarke Jackson | N7: JR
A8: T. Jones | B8: Trinity Jones | C8: https://www.espn.com/womens-college-basketball/player/_/id/5313303/trinity-jones | D8: s:40~l:54~a:5313303 | E8: 4ac438b4-e3d0-3e7b-b7e9-08943101cd7e | F8: 5313303 | G8: 5' 7" | H8: G | J8: 4 | K8: Phoenix, AZ | L8: https://a.espncdn.com/i/headshots/womens-college-basketball/players/full/5313303.png | M8: Trinity Jones | N8: FR
A9: R. Kaus | B9: Rachel Kaus | C9: https://www.espn.com/womens-college-basketball/player/_/id/5176408/rachel-kaus | D9: s:40~l:54~a:5176408 | E9: bfc4c237-2548-373b-8a4e-ed3427634635 | F9: 5176408 | G9: 6' 0" | H9: G | J9: 5 | K9: Lake Bluff, IL | L9: https://a.espncdn.com/i/headshots/womens-college-basketball/players/full/5176408.png | M9: Rachel Kaus | N9: JR
A10: A. Kilgoe | B10: Azareya Kilgoe | C10: https://www.espn.com/womens-college-basketball/player/_/id/5176407/azareya-kilgoe | D10: s:40~l:54~a:5176407 | E10: f63d5583-c2a9-3f2e-bd04-7a1a2b220c37 | F10: 5176407 | G10: 5' 4" | H10: G | J10: 0 | K10: Seaford, DE | L10: https://a.espncdn.com/i/headshots/womens-college-basketball/players/full/5176407.png | M10: Azareya Kilgoe | N10: JR
A11: V. Knee | B11: Vivienne Knee | C11: https://www.espn.com/womens-college-basketball/player/_/id/5108936/vivienne-knee | D11: s:40~l:54~a:5108936 | E11: d6512ea1-eb8d-3a7e-b529-30fecd93e137 | F11: 5108936 | G11: 5' 9" | H11: G | I11: B | J11: 3 | K11: New York, NY | L11: https://a.espncdn.com/i/headshots/womens-college-basketball/players/full/5108936.png | M11: Vivienne Knee | N11: SR
A12: K. Langston | B12: Kelsey Langston | C12: https://www.espn.com/womens-college-basketball/player/_/id/5241812/kelsey-langston | D12: s:40~l:54~a:5241812 | E12: 9fbd43bf-ec2a-31dc-bcae-d3140567310b | F12: 5241812 | G12: 5' 7" | H12: G | J12: 21 | K12: Wilmette, IL | L12: https://a.espncdn.com/i/headshots/womens-college-basketball/players/full/5241812.png | M12: Kelsey Langston | N12: SO
A13: A. Pape | B13: Ally Pape | C13: https://www.espn.com/womens-college-basketball/player/_/id/5313307/ally-pape | D13: s:40~l:54~a:5313307 | E13: e70d097a-2934-35c8-be5f-5345a67c310a | F13: 5313307 | G13: 5' 11" | H13: G | J13: 25 | K13: Park Ridge, IL | L13: https://a.espncdn.com/i/headshots/womens-college-basketball/players/full/5313307.png | M13: Ally Pape | N13: FR
A14: E. Pape | B14: Emily Pape | C14: https://www.espn.com/womens-college-basketball/player/_/id/5108938/emily-pape | D14: s:40~l:54~a:5108938 | E14: a86ff48b-7962-347f-a7b0-cbc29e392526 | F14: 5108938 | G14: 6' 1" | H14: F | J14: 32 | K14: Park Ridge, IL | L14: https://a.espncdn.com/i/headshots/womens-college-basketball/players/full/5108938.png | M14: Emily Pape | N14: SR
A15: G. Renners | B15: Grace Renners | C15: https://www.espn.com/womens-college-basketball/player/_/id/5313305/grace-renners | D15: s:40~l:54~a:5313305 | E15: 110b15c1-d94c-3ff8-905c-d95c8abc43b4 | F15: 5313305 | G15: 6' 1" | H15: F | J15: 11 | K15: Bellevue, WA | L15: https://a.espncdn.com/i/headshots/womens-college-basketball/players/full/5313305.png | M15: Grace Renners | N15: FR
A16: J. Abalos | B16: Jax Abalos | C16: https://www.espn.com/mens-college-basketball/player/_/id/5313690/jax-abalos | D16: s:40~l:41~a:5313690 | E16: 953fef17-d537-3b2e-bf5c-d6aff357df1c | F16: 5313690 | G16: 6' 8" | H16: F | I16: B | J16: 3 | K16: Batavia, IL | L16: https://a.espncdn.com/i/headshots/mens-college-basketball/players/full/5313690.png | M16: Jax Abalos | N16: FR
A17: J. Baldwin | B17: Josh Baldwin | C17: https://www.espn.com/mens-college-basketball/player/_/id/5106245/josh-baldwin | D17: s:40~l:41~a:5106245 | E17: e8d07f24-ca4d-3a3e-88fd-9ffe90a06fcd | F17: 5106245 | G17: 6' 5" | H17: G | J17: 24 | K17: Everett, MA | L17: https://a.espncdn.com/i/headshots/mens-college-basketball/players/full/5106245.png | M17: Josh Baldwin | N17: SR
A18: J. Beccles | B18: Jacob Beccles | C18: https://www.espn.com/mens-college-basketball/player/_/id/5175898/jacob-beccles | D18: s:40~l:41~a:5175898 | E18: 8940b000-b886-34eb-9aeb-81b22194998c | F18: 5175898 | G18: 6' 3" | H18: G | J18: 5 | K18: Philadelphia, PA | L18: https://a.espncdn.com/i/headshots/mens-college-basketball/players/full/5175898.png | M18: Jacob Beccles | N18: JR
A19: R. Burbach | B19: Ryan Burbach | C19: https://www.espn.com/mens-college-basketball/player/_/id/5313691/ryan-burbach | D19: s:40~l:41~a:5313691 | E19: 7425e871-c9f5-3471-b43d-b992377f4a00 | F19: 5313691 | G19: 6' 3" | H19: G | J19: 12 | K19: Phoenix, AZ | L19: https://a.espncdn.com/i/headshots/mens-college-basketball/players/full/5313691.png | M19: Ryan Burbach | N19: FR
A20: J. Fiegen | B20: Jake Fiegen | C20: https://www.espn.com/mens-college-basketball/player/_/id/5175900/jake-fiegen | D20: s:40~l:41~a:5175900 | E20: 5203b5aa-862a-3a4f-8fa7-118a7ea502f4 | F20: 5175900 | G20: 6' 4" | H20: G | J20: 22 | K20: Wilmette, IL | L20: https://a.espncdn.com/i/headshots/mens-college-basketball/players/full/5175900.png | M20: Jake Fiegen | N20: SR
A21: D. Fishburn | B21: DaMaryon Fishburn | C21: https://www.espn.com/mens-college-basketball/player/_/id/5313688/damaryon-fishburn | D21: s:40~l:41~a:5313688 | E21: 992f2203-ca04-3fe6-86d3-e0358387a61d | F21: 5313688 | G21: 6' 5" | H21: G | J21: 0 | K21: Detroit, MI | L21: https://a.espncdn.com/i/headshots/mens-college-basketball/players/full/5313688.png | M21: DaMaryon Fishburn | N21: JR
A22: E. Griffin | B22: Elijah Griffin | C22: https://www.espn.com/mens-college-basketball/player/_/id/5313689/elijah-griffin | D22: s:40~l:41~a:5313689 | E22: efb3bd5e-868d-3103-bf17-b908daad937d | F22: 5313689 | G22: 6' 2" | H22: G | I22: L | J22: 1 | K22: Kenosha, WI | L22: https://a.espncdn.com/i/headshots/mens-college-basketball/players/full/5313689.png | M22: Elijah Griffin | N22: FR
A23: A. Hinton | B23: Adam Hinton | C23: https://www.espn.com/mens-college-basketball/player/_/id/5106243/adam-hinton | D23: s:40~l:41~a:5106243 | E23: 5541ca5e-3adb-3109-8c18-e1fdd160a79c | F23: 5106243 | G23: 6' 4" | H23: G | J23: 8 | K23: Hollywood Hills, CA | L23: https://a.espncdn.com/i/headshots/mens-college-basketball/players/full/5106243.png | M23: Adam Hinton | N23: SR
A24: I. Imegwu | B24: Ian Imegwu | C24: https://www.espn.com/mens-college-basketball/player/_/id/5175897/ian-imegwu | D24: s:40~l:41~a:5175897 | E24: 80ad992c-2dcd-38e6-aa72-d0dbe283be18 | F24: 5175897 | G24: 6' 9" | H24: F | I24: R | J24: 2 | K24: Short Hills, NJ | L24: https://a.espncdn.com/i/headshots/mens-college-basketball/players/full/5175897.png | M24: Ian Imegwu | N24: JR
A25: T. Iwanonkiw | B25: Ty Iwanonkiw | C25: https://www.espn.com/mens-college-basketball/player/_/id/5241719/ty-iwanonkiw | D25: s:40~l:41~a:5241719 | E25: 2f111c61-5848-3e98-a615-59fcfdec4891 | F25: 5241719 | G25: 6' 9" | H25: F | J25: 11 | K25: Pittsburgh, PA | L25: https://a.espncdn.com/i/headshots/mens-college-basketball/players/full/5241719.png | M25: Ty Iwanonkiw | N25: SO
A26: A. LaBeau | B26: AJ LaBeau | C26: https://www.espn.com/mens-college-basketball/player/_/id/5174972/aj-labeau | D26: s:40~l:41~a:5174972 | E26: 01ecc018-e115-3ae8-a11d-a0a5afa9d79e | F26: 5174972 | G26: 6' 10" | H26: F | J26: 55 | K26: Boise, ID | L26: https://a.espncdn.com/i/headshots/mens-college-basketball/players/full/5174972.png | M26: AJ LaBeau | N26: JR
A27: B. Lecklitner | B27: Blake Lecklitner | C27: https://www.espn.com/mens-college-basketball/player/_/id/5313692/blake-lecklitner | D27: s:40~l:41~a:5313692 | E27: 42665efc-0064-33bc-9b9b-7ec84e0ed493 | F27: 5313692 | G27: 6' 9" | H27: F | J27: 15 | K27: Prosper, TX | L27: https://a.espncdn.com/i/headshots/mens-college-basketball/players/full/5313692.png | M27: Blake Lecklitner | N27: FR
A28: A. Nimani | B28: Anthony Nimani | C28: https://www.espn.com/mens-college-basketball/player/_/id/5241718/anthony-nimani | D28: s:40~l:41~a:5241718 | E28: 9c14d30e-0031-3afe-8243-537f6bc51ce5 | F28: 5241718 | G28: 6' 4" | H28: G | J28: 7 | K28: Meriden, CT | L28: https://a.espncdn.com/i/headshots/mens-college-basketball/players/full/5241718.png | M28: Anthony Nimani | N28: SO
A29: D. Nix | B29: DJ Nix | C29: https://www.espn.com/mens-college-basketball/player/_/id/4684840/dj-nix | D29: s:40~l:41~a:4684840 | E29: 33151e7f-21ad-3a32-9451-e986be75b928 | F29: 4684840 | G29: 6' 6" | H29: F | J29: 23 | K29: Harrisburg, NC | L29: https://a.espncdn.com/i/headshots/mens-college-basketball/players/full/4684840.png | M29: DJ Nix | N29: SR
A30: C. Noard | B30: Cooper Noard | C30: https://www.espn.com/mens-college-basketball/player/_/id/5106247/cooper-noard | D30: s:40~l:41~a:5106247 | E30: bfb481b4-c764-308d-a3ff-0d8625ba617a | F30: 5106247 | G30: 6' 2" | H30: G | J30: 31 | K30: Glenview, IL | L30: https://a.espncdn.com/i/headshots/mens-college-basketball/players/full/5106247.png | M30: Cooper Noard | N30: SR
A31: G. Panzini | B31: Gioacchino Panzini | C31: https://www.espn.com/mens-college-basketball/player/_/id/5241716/gioacchino-panzini | D31: s:40~l:41~a:5241716 | E31: 7c2a4222-cf98-3d72-ac3b-06b62484a03f | F31: 5241716 | G31: 6' 5" | H31: F | J31: 4 | K31: Spring Lake, NJ | L31: https://a.espncdn.com/i/headshots/mens-college-basketball/players/full/5241716.png | M31: Gioacchino Panzini | N31: SO
A32: M. Rafiq | B32: Mateen Rafiq | C32: https://www.espn.com/mens-college-basketball/player/_/id/5241717/mateen-rafiq | D32: s:40~l:41~a:5241717 | E32: 1ae1f9a0-c6ae-3b52-9d2a-bb35b059ef69 | F32: 5241717 | G32: 6' 0" | H32: G | J32: 10 | K32: Sacramento, CA | L32: https://a.espncdn.com/i/headshots/mens-college-basketball/players/full/5241717.png | M32: Mateen Rafiq | N32: SO
A33: A. Rodriguez | B33: AJ Rodriguez | C33: https://www.espn.com/mens-college-basketball/player/_/id/5241720/aj-rodriguez | D33: s:40~l:41~a:5241720 | E33: c5d12194-b9ee-3f47-bc8b-afb3dcb99738 | F33: 5241720 | G33: 6' 6" | H33: G | J33: 13 | K33: Westchester, NY | L33: https://a.espncdn.com/i/headshots/mens-college-basketball/players/full/5241720.png | M33: AJ Rodriguez | N33: SO
A34: K. Sepp | B34: Kaspar Sepp | C34: https://www.espn.com/mens-college-basketball/player/_/id/5176404/kaspar-sepp | D34: s:40~l:41~a:5176404 | E34: 1dd4bae9-703d-3834-bdca-4b1a255f4f90 | F34: 5176404 | G34: 6' 7" | H34: F | J34: 21 | K34: Tartu, Estonia | L34: https://a.espncdn.com/i/headshots/mens-college-basketball/players/full/5176404.png | M34: Kaspar Sepp | N34: JR
A35: C. Zentner | B35: Corbin Zentner | C35: https://www.espn.com/mens-college-basketball/player/_/id/5196671/corbin-zentner | D35: s:40~l:41~a:5196671 | E35: e4328e30-2d8b-3b72-8247-128afe95b868 | F35: 5196671 | G35: 5' 9" | H35: G | J35: 14 | K35: Alpine, UT | L35: https://a.espncdn.com/i/headshots/mens-college-basketball/players/full/5196671.png | M35: Corbin Zentner | N35: SR
